ID,Seed,Run time,Rate of gonorrhea cases (average incidence after epidemic warm-up),"Proportion of cases treated with CIP, TET, or CRO (average incidence after epidemic warm-up)",Duration of 1st line therapy with CRO (after epidemic warm-up),Duration of 1st line therapy with Drug M (after epidemic warm-up)
0,1984980876,2.656310558319092,0.060859364152426515,0.8343161101584914,20.0,4.0
1,339581809,2.7344367504119873,0.5391577437637042,0.7151123790751219,17.0,7.0
2,261253038,2.81256365776062,0.39471159780022996,0.9946832591371834,24.0,0.0
3,525643927,2.609435558319092,0.008416954865139013,0.9993428200725992,24.0,0.0
4,769024199,2.859440326690674,0.032366718051568,0.8315092425897341,20.0,4.0
5,745834900,2.7656891345977783,0.2315613573627364,0.9996426809432735,24.0,0.0
6,1656585988,2.7344377040863037,0.4833118393254445,0.9981485919787473,24.0,0.0
7,680601482,1.6094903945922852,0.003633020176225199,0.9996710050627827,18.05769230769231,0.0
