ID,Seed,Run time,Rate of gonorrhea cases (average incidence after epidemic warm-up),"Proportion of cases treated with CIP, TET, or CRO (average incidence after epidemic warm-up)",Duration of 1st line therapy with CRO (after epidemic warm-up),Duration of 1st line therapy with Drug M (after epidemic warm-up)
0,1984980876,3.2812581062316895,0.10256850684438948,1.0,24.0,0.0
1,339581809,3.2031333446502686,0.08453696755927592,1.0,24.0,0.0
2,261253038,3.09376859664917,0.08653530189483849,1.0,24.0,0.0
3,525643927,2.974121570587158,0.07795111337426092,1.0,24.0,0.0
4,769024199,3.07151460647583,0.07107218976118519,1.0,24.0,0.0
5,745834900,3.086139678955078,0.07993121293726851,1.0,24.0,0.0
6,1656585988,3.109386682510376,0.09187150141573765,1.0,24.0,0.0
7,680601482,3.132704257965088,0.10934847002670324,1.0,24.0,0.0
